{"mean": [2.2657806873321533, -0.01509098894894123, 3.455904245376587, -0.014236529357731342], "std": [1.6555960178375244, 4.659757614135742, 1.744505763053894, 5.921581745147705], "thresh": 0.5}